codon_position,codon,nucleotide_start,nucleotide_end,p_site_count,relative_occupancy,density,rpm
1,ATG,0,2,0,0.000000,0.00,0.00
2,GGG,3,5,0,0.000000,0.00,0.00
3,AAG,6,8,0,0.000000,0.00,0.00
4,GTG,9,11,0,0.000000,0.00,0.00
5,AAG,12,14,1,0.000664,0.22,663.57
6,GTC,15,17,0,0.000000,0.00,0.00
7,GGA,18,20,0,0.000000,0.00,0.00
8,GTC,21,23,1,0.000664,0.22,663.57
9,AAC,24,26,0,0.000000,0.00,0.00
10,GGA,27,29,0,0.000000,0.00,0.00
11,TTT,30,32,1,0.000664,0.22,663.57
12,GGT,33,35,0,0.000000,0.00,0.00
13,CGT,36,38,1,0.000664,0.22,663.57
14,ATT,39,41,3,0.001991,0.67,1990.71
15,GGG,42,44,1,0.000664,0.22,663.57
16,CGC,45,47,0,0.000000,0.00,0.00
17,CTG,48,50,3,0.001991,0.67,1990.71
18,GTC,51,53,0,0.000000,0.00,0.00
19,ACC,54,56,0,0.000000,0.00,0.00
20,AGG,57,59,4,0.002654,0.89,2654.28
21,GCT,60,62,14,0.009290,3.12,9289.98
22,GCT,63,65,2,0.001327,0.45,1327.14
23,TTT,66,68,3,0.001991,0.67,1990.71
24,AAC,69,71,1,0.000664,0.22,663.57
25,TCT,72,74,2,0.001327,0.45,1327.14
26,GGT,75,77,1,0.000664,0.22,663.57
27,AAA,78,80,5,0.003318,1.11,3317.85
28,GTG,81,83,1,0.000664,0.22,663.57
29,GAT,84,86,0,0.000000,0.00,0.00
30,ATT,87,89,0,0.000000,0.00,0.00
31,GTT,90,92,1,0.000664,0.22,663.57
32,GCC,93,95,1,0.000664,0.22,663.57
33,ATC,96,98,1,0.000664,0.22,663.57
34,AAT,99,101,7,0.004645,1.56,4644.99
35,GAC,102,104,3,0.001991,0.67,1990.71
36,CCC,105,107,15,0.009954,3.34,9953.55
37,TTC,108,110,1,0.000664,0.22,663.57
38,ATT,111,113,14,0.009290,3.12,9289.98
39,GAC,114,116,2,0.001327,0.45,1327.14
40,CTC,117,119,5,0.003318,1.11,3317.85
41,AAC,120,122,8,0.005309,1.78,5308.56
42,TAC,123,125,1,0.000664,0.22,663.57
43,ATG,126,128,1,0.000664,0.22,663.57
44,GTT,129,131,2,0.001327,0.45,1327.14
45,TAC,132,134,0,0.000000,0.00,0.00
46,ATG,135,137,1,0.000664,0.22,663.57
47,TTC,138,140,0,0.000000,0.00,0.00
48,CAA,141,143,0,0.000000,0.00,0.00
49,TAT,144,146,6,0.003981,1.34,3981.42
50,GAT,147,149,5,0.003318,1.11,3317.85
51,TCC,150,152,15,0.009954,3.34,9953.55
52,ACC,153,155,6,0.003981,1.34,3981.42
53,CAT,156,158,4,0.002654,0.89,2654.28
54,GGC,159,161,4,0.002654,0.89,2654.28
55,AAA,162,164,1,0.000664,0.22,663.57
56,TTC,165,167,0,0.000000,0.00,0.00
57,CAT,168,170,7,0.004645,1.56,4644.99
58,GGC,171,173,4,0.002654,0.89,2654.28
59,ACC,174,176,5,0.003318,1.11,3317.85
60,GTC,177,179,44,0.029197,9.81,29197.08
61,AAG,180,182,13,0.008626,2.90,8626.41
62,GCT,183,185,24,0.015926,5.35,15925.68
63,GAG,186,188,15,0.009954,3.34,9953.55
64,AAC,189,191,1,0.000664,0.22,663.57
65,GGG,192,194,0,0.000000,0.00,0.00
66,AAG,195,197,0,0.000000,0.00,0.00
67,CTT,198,200,3,0.001991,0.67,1990.71
68,GTC,201,203,1,0.000664,0.22,663.57
69,ATC,204,206,2,0.001327,0.45,1327.14
70,AAT,207,209,0,0.000000,0.00,0.00
71,GGA,210,212,7,0.004645,1.56,4644.99
72,AAT,213,215,1,0.000664,0.22,663.57
73,CCC,216,218,4,0.002654,0.89,2654.28
74,ATC,219,221,2,0.001327,0.45,1327.14
75,ACC,222,224,6,0.003981,1.34,3981.42
76,ATC,225,227,5,0.003318,1.11,3317.85
77,TTC,228,230,2,0.001327,0.45,1327.14
78,CAG,231,233,18,0.011944,4.01,11944.26
79,GAG,234,236,7,0.004645,1.56,4644.99
80,CGA,237,239,38,0.025216,8.47,25215.66
81,GAT,240,242,8,0.005309,1.78,5308.56
82,CCC,243,245,25,0.016589,5.57,16589.25
83,TCC,246,248,14,0.009290,3.12,9289.98
84,AAA,249,251,5,0.003318,1.11,3317.85
85,ATC,252,254,5,0.003318,1.11,3317.85
86,AAG,255,257,13,0.008626,2.90,8626.41
87,TGG,258,260,4,0.002654,0.89,2654.28
88,GGC,261,263,2,0.001327,0.45,1327.14
89,GAT,264,266,0,0.000000,0.00,0.00
90,GCT,267,269,1,0.000664,0.22,663.57
91,GGC,270,272,0,0.000000,0.00,0.00
92,GCT,273,275,13,0.008626,2.90,8626.41
93,GAG,276,278,10,0.006636,2.23,6635.70
94,TAC,279,281,2,0.001327,0.45,1327.14
95,GTC,282,284,1,0.000664,0.22,663.57
96,GTG,285,287,9,0.005972,2.01,5972.13
97,GAG,288,290,8,0.005309,1.78,5308.56
98,TCC,291,293,0,0.000000,0.00,0.00
99,ACT,294,296,1,0.000664,0.22,663.57
100,GGC,297,299,6,0.003981,1.34,3981.42
101,GTC,300,302,11,0.007299,2.45,7299.27
102,TTC,303,305,4,0.002654,0.89,2654.28
103,ACC,306,308,2,0.001327,0.45,1327.14
104,ACC,309,311,2,0.001327,0.45,1327.14
105,ATG,312,314,12,0.007963,2.68,7962.84
106,GAG,315,317,4,0.002654,0.89,2654.28
107,AAG,318,320,1,0.000664,0.22,663.57
108,GCT,321,323,0,0.000000,0.00,0.00
109,GGG,324,326,0,0.000000,0.00,0.00
110,GCT,327,329,0,0.000000,0.00,0.00
111,CAT,330,332,1,0.000664,0.22,663.57
112,TTG,333,335,0,0.000000,0.00,0.00
113,CAG,336,338,0,0.000000,0.00,0.00
114,GGG,339,341,1,0.000664,0.22,663.57
115,GGA,342,344,0,0.000000,0.00,0.00
116,GCC,345,347,0,0.000000,0.00,0.00
117,AAA,348,350,0,0.000000,0.00,0.00
118,AGG,351,353,0,0.000000,0.00,0.00
119,GTC,354,356,0,0.000000,0.00,0.00
120,ATC,357,359,1,0.000664,0.22,663.57
121,ATC,360,362,2,0.001327,0.45,1327.14
122,TCT,363,365,1,0.000664,0.22,663.57
123,GCC,366,368,0,0.000000,0.00,0.00
124,CCC,369,371,3,0.001991,0.67,1990.71
125,TCT,372,374,0,0.000000,0.00,0.00
126,GCT,375,377,0,0.000000,0.00,0.00
127,GAT,378,380,0,0.000000,0.00,0.00
128,GCC,381,383,0,0.000000,0.00,0.00
129,CCC,384,386,1,0.000664,0.22,663.57
130,ATG,387,389,1,0.000664,0.22,663.57
131,TTC,390,392,0,0.000000,0.00,0.00
132,GTC,393,395,0,0.000000,0.00,0.00
133,ATG,396,398,1,0.000664,0.22,663.57
134,GGT,399,401,10,0.006636,2.23,6635.70
135,GTG,402,404,1,0.000664,0.22,663.57
136,AAC,405,407,3,0.001991,0.67,1990.71
137,CAT,408,410,27,0.017916,6.02,17916.39
138,GAG,411,413,17,0.011281,3.79,11280.69
139,AAG,414,416,8,0.005309,1.78,5308.56
140,TAT,417,419,4,0.002654,0.89,2654.28
141,GAC,420,422,1,0.000664,0.22,663.57
142,AAC,423,425,9,0.005972,2.01,5972.13
143,AGC,426,428,4,0.002654,0.89,2654.28
144,CTC,429,431,20,0.013271,4.46,13271.40
145,AAG,432,434,13,0.008626,2.90,8626.41
146,ATC,435,437,0,0.000000,0.00,0.00
147,ATC,438,440,2,0.001327,0.45,1327.14
148,AGC,441,443,6,0.003981,1.34,3981.42
149,AAT,444,446,7,0.004645,1.56,4644.99
150,GCC,447,449,3,0.001991,0.67,1990.71
151,TCC,450,452,1,0.000664,0.22,663.57
152,TGC,453,455,1,0.000664,0.22,663.57
153,ACC,456,458,0,0.000000,0.00,0.00
154,ACC,459,461,1,0.000664,0.22,663.57
155,AAC,462,464,0,0.000000,0.00,0.00
156,TGC,465,467,4,0.002654,0.89,2654.28
157,TTA,468,470,0,0.000000,0.00,0.00
158,GCA,471,473,3,0.001991,0.67,1990.71
159,CCC,474,476,5,0.003318,1.11,3317.85
160,CTG,477,479,0,0.000000,0.00,0.00
161,GCC,480,482,0,0.000000,0.00,0.00
162,AAG,483,485,0,0.000000,0.00,0.00
163,GTC,486,488,0,0.000000,0.00,0.00
164,ATC,489,491,0,0.000000,0.00,0.00
165,CAT,492,494,0,0.000000,0.00,0.00
166,GAC,495,497,0,0.000000,0.00,0.00
167,AAC,498,500,8,0.005309,1.78,5308.56
168,TTT,501,503,1,0.000664,0.22,663.57
169,GGT,504,506,28,0.018580,6.24,18579.96
170,ATC,507,509,2,0.001327,0.45,1327.14
171,GTG,510,512,8,0.005309,1.78,5308.56
172,GAA,513,515,3,0.001991,0.67,1990.71
173,GGA,516,518,5,0.003318,1.11,3317.85
174,CTC,519,521,13,0.008626,2.90,8626.41
175,ATG,522,524,17,0.011281,3.79,11280.69
176,ACC,525,527,10,0.006636,2.23,6635.70
177,ACA,528,530,3,0.001991,0.67,1990.71
178,GTC,531,533,4,0.002654,0.89,2654.28
179,CAT,534,536,0,0.000000,0.00,0.00
180,GCC,537,539,5,0.003318,1.11,3317.85
181,ATC,540,542,0,0.000000,0.00,0.00
182,ACT,543,545,0,0.000000,0.00,0.00
183,GCC,546,548,8,0.005309,1.78,5308.56
184,ACC,549,551,2,0.001327,0.45,1327.14
185,CAG,552,554,4,0.002654,0.89,2654.28
186,AAG,555,557,8,0.005309,1.78,5308.56
187,ACT,558,560,0,0.000000,0.00,0.00
188,GTG,561,563,4,0.002654,0.89,2654.28
189,GAT,564,566,2,0.001327,0.45,1327.14
190,GGC,567,569,3,0.001991,0.67,1990.71
191,CCC,570,572,2,0.001327,0.45,1327.14
192,TCC,573,575,1,0.000664,0.22,663.57
193,GGG,576,578,3,0.001991,0.67,1990.71
194,AAA,579,581,2,0.001327,0.45,1327.14
195,CTG,582,584,4,0.002654,0.89,2654.28
196,TGG,585,587,1,0.000664,0.22,663.57
197,CGT,588,590,1,0.000664,0.22,663.57
198,GAT,591,593,1,0.000664,0.22,663.57
199,GGC,594,596,5,0.003318,1.11,3317.85
200,CGC,597,599,4,0.002654,0.89,2654.28
201,GGG,600,602,5,0.003318,1.11,3317.85
202,GCT,603,605,3,0.001991,0.67,1990.71
203,CTC,606,608,0,0.000000,0.00,0.00
204,CAG,609,611,21,0.013935,4.68,13934.97
205,AAC,612,614,3,0.001991,0.67,1990.71
206,ATC,615,617,10,0.006636,2.23,6635.70
207,ATC,618,620,0,0.000000,0.00,0.00
208,CCT,621,623,4,0.002654,0.89,2654.28
209,GCC,624,626,4,0.002654,0.89,2654.28
210,TCT,627,629,4,0.002654,0.89,2654.28
211,ACT,630,632,1,0.000664,0.22,663.57
212,GGC,633,635,4,0.002654,0.89,2654.28
213,GCT,636,638,15,0.009954,3.34,9953.55
214,GCC,639,641,11,0.007299,2.45,7299.27
215,AAG,642,644,6,0.003981,1.34,3981.42
216,GCT,645,647,4,0.002654,0.89,2654.28
217,GTG,648,650,8,0.005309,1.78,5308.56
218,GGC,651,653,1,0.000664,0.22,663.57
219,AAG,654,656,3,0.001991,0.67,1990.71
220,GTC,657,659,0,0.000000,0.00,0.00
221,ATC,660,662,11,0.007299,2.45,7299.27
222,CCT,663,665,16,0.010617,3.57,10617.12
223,GAG,666,668,36,0.023889,8.03,23888.52
224,CTG,669,671,27,0.017916,6.02,17916.39
225,AAC,672,674,2,0.001327,0.45,1327.14
226,GGG,675,677,5,0.003318,1.11,3317.85
227,AAG,678,680,2,0.001327,0.45,1327.14
228,CTC,681,683,7,0.004645,1.56,4644.99
229,ACT,684,686,4,0.002654,0.89,2654.28
230,GGC,687,689,19,0.012608,4.24,12607.83
231,ATG,690,692,10,0.006636,2.23,6635.70
232,GCC,693,695,17,0.011281,3.79,11280.69
233,TTC,696,698,2,0.001327,0.45,1327.14
234,CGT,699,701,1,0.000664,0.22,663.57
235,GTC,702,704,7,0.004645,1.56,4644.99
236,CCC,705,707,11,0.007299,2.45,7299.27
237,ACT,708,710,21,0.013935,4.68,13934.97
238,GCC,711,713,10,0.006636,2.23,6635.70
239,AAC,714,716,2,0.001327,0.45,1327.14
240,GTG,717,719,8,0.005309,1.78,5308.56
241,TCA,720,722,6,0.003981,1.34,3981.42
242,GTG,723,725,22,0.014599,4.91,14598.54
243,GTG,726,728,3,0.001991,0.67,1990.71
244,GAC,729,731,6,0.003981,1.34,3981.42
245,CTG,732,734,3,0.001991,0.67,1990.71
246,ACC,735,737,9,0.005972,2.01,5972.13
247,TGC,738,740,1,0.000664,0.22,663.57
248,CGT,741,743,3,0.001991,0.67,1990.71
249,CTA,744,746,7,0.004645,1.56,4644.99
250,GAA,747,749,4,0.002654,0.89,2654.28
251,AAA,750,752,0,0.000000,0.00,0.00
252,CCT,753,755,0,0.000000,0.00,0.00
253,GCC,756,758,3,0.001991,0.67,1990.71
254,AAA,759,761,0,0.000000,0.00,0.00
255,TAT,762,764,2,0.001327,0.45,1327.14
256,GAT,765,767,9,0.005972,2.01,5972.13
257,GAC,768,770,7,0.004645,1.56,4644.99
258,ATC,771,773,1,0.000664,0.22,663.57
259,AAG,774,776,12,0.007963,2.68,7962.84
260,AAG,777,779,6,0.003981,1.34,3981.42
261,GTG,780,782,2,0.001327,0.45,1327.14
262,GTG,783,785,0,0.000000,0.00,0.00
263,AAG,786,788,1,0.000664,0.22,663.57
264,CAG,789,791,0,0.000000,0.00,0.00
265,GCG,792,794,0,0.000000,0.00,0.00
266,TCG,795,797,1,0.000664,0.22,663.57
267,GAG,798,800,0,0.000000,0.00,0.00
268,GGC,801,803,1,0.000664,0.22,663.57
269,CCC,804,806,1,0.000664,0.22,663.57
270,CTC,807,809,2,0.001327,0.45,1327.14
271,AAG,810,812,3,0.001991,0.67,1990.71
272,GGC,813,815,0,0.000000,0.00,0.00
273,ATC,816,818,0,0.000000,0.00,0.00
274,CTG,819,821,10,0.006636,2.23,6635.70
275,GGC,822,824,2,0.001327,0.45,1327.14
276,TAC,825,827,2,0.001327,0.45,1327.14
277,ACT,828,830,1,0.000664,0.22,663.57
278,GAG,831,833,2,0.001327,0.45,1327.14
279,CAC,834,836,1,0.000664,0.22,663.57
280,CAG,837,839,7,0.004645,1.56,4644.99
281,GTG,840,842,5,0.003318,1.11,3317.85
282,GTC,843,845,0,0.000000,0.00,0.00
283,TCC,846,848,0,0.000000,0.00,0.00
284,TCT,849,851,7,0.004645,1.56,4644.99
285,GAC,852,854,3,0.001991,0.67,1990.71
286,TTC,855,857,3,0.001991,0.67,1990.71
287,AAC,858,860,1,0.000664,0.22,663.57
288,AGC,861,863,6,0.003981,1.34,3981.42
289,GAC,864,866,3,0.001991,0.67,1990.71
290,ACC,867,869,3,0.001991,0.67,1990.71
291,CAC,870,872,0,0.000000,0.00,0.00
292,TCC,873,875,1,0.000664,0.22,663.57
293,TCC,876,878,0,0.000000,0.00,0.00
294,ACC,879,881,0,0.000000,0.00,0.00
295,TTT,882,884,2,0.001327,0.45,1327.14
296,GAC,885,887,1,0.000664,0.22,663.57
297,GCT,888,890,0,0.000000,0.00,0.00
298,GGG,891,893,2,0.001327,0.45,1327.14
299,GCT,894,896,2,0.001327,0.45,1327.14
300,GGC,897,899,7,0.004645,1.56,4644.99
301,ATT,900,902,10,0.006636,2.23,6635.70
302,GCC,903,905,8,0.005309,1.78,5308.56
303,CTC,906,908,7,0.004645,1.56,4644.99
304,AAC,909,911,8,0.005309,1.78,5308.56
305,GAC,912,914,3,0.001991,0.67,1990.71
306,CAC,915,917,3,0.001991,0.67,1990.71
307,TTT,918,920,24,0.015926,5.35,15925.68
308,GTC,921,923,1,0.000664,0.22,663.57
309,AAG,924,926,0,0.000000,0.00,0.00
310,CTC,927,929,4,0.002654,0.89,2654.28
311,ATT,930,932,8,0.005309,1.78,5308.56
312,TCC,933,935,8,0.005309,1.78,5308.56
313,TGG,936,938,7,0.004645,1.56,4644.99
314,TAT,939,941,19,0.012608,4.24,12607.83
315,GAC,942,944,4,0.002654,0.89,2654.28
316,AAC,945,947,5,0.003318,1.11,3317.85
317,GAA,948,950,2,0.001327,0.45,1327.14
318,TTT,951,953,5,0.003318,1.11,3317.85
319,GGC,954,956,1,0.000664,0.22,663.57
320,TAC,957,959,8,0.005309,1.78,5308.56
321,AGC,960,962,1,0.000664,0.22,663.57
322,AAC,963,965,2,0.001327,0.45,1327.14
323,AGG,966,968,0,0.000000,0.00,0.00
324,GTG,969,971,0,0.000000,0.00,0.00
325,GTG,972,974,1,0.000664,0.22,663.57
326,GAC,975,977,1,0.000664,0.22,663.57
327,CTC,978,980,0,0.000000,0.00,0.00
328,ATG,981,983,5,0.003318,1.11,3317.85
329,GCC,984,986,0,0.000000,0.00,0.00
330,CAC,987,989,2,0.001327,0.45,1327.14
331,ATG,990,992,4,0.002654,0.89,2654.28
332,GCC,993,995,0,0.000000,0.00,0.00
333,TCC,996,998,0,0.000000,0.00,0.00
334,AAG,999,1001,1,0.000664,0.22,663.57
335,GAG,1002,1004,0,0.000000,0.00,0.00
336,TAA,1005,1007,0,0.000000,0.00,0.00
