codon_pos,codon,nt_start,nt_end,count,rel_occupancy,density,rpm
1,ATG,0,2,0,0.000000,0.00,0.00
2,GGG,3,5,0,0.000000,0.00,0.00
3,AAG,6,8,0,0.000000,0.00,0.00
4,GTG,9,11,0,0.000000,0.00,0.00
5,AAG,12,14,1,0.000690,0.23,690.13
6,GTC,15,17,0,0.000000,0.00,0.00
7,GGA,18,20,0,0.000000,0.00,0.00
8,GTC,21,23,1,0.000690,0.23,690.13
9,AAC,24,26,0,0.000000,0.00,0.00
10,GGA,27,29,0,0.000000,0.00,0.00
11,TTT,30,32,1,0.000690,0.23,690.13
12,GGT,33,35,0,0.000000,0.00,0.00
13,CGT,36,38,1,0.000690,0.23,690.13
14,ATT,39,41,3,0.002070,0.69,2070.39
15,GGG,42,44,1,0.000690,0.23,690.13
16,CGC,45,47,0,0.000000,0.00,0.00
17,CTG,48,50,3,0.002070,0.69,2070.39
18,GTC,51,53,0,0.000000,0.00,0.00
19,ACC,54,56,0,0.000000,0.00,0.00
20,AGG,57,59,4,0.002761,0.92,2760.52
21,GCT,60,62,14,0.009662,3.24,9661.84
22,GCT,63,65,2,0.001380,0.46,1380.26
23,TTT,66,68,3,0.002070,0.69,2070.39
24,AAC,69,71,1,0.000690,0.23,690.13
25,TCT,72,74,2,0.001380,0.46,1380.26
26,GGT,75,77,1,0.000690,0.23,690.13
27,AAA,78,80,5,0.003451,1.16,3450.66
28,GTG,81,83,1,0.000690,0.23,690.13
29,GAT,84,86,0,0.000000,0.00,0.00
30,ATT,87,89,0,0.000000,0.00,0.00
31,GTT,90,92,1,0.000690,0.23,690.13
32,GCC,93,95,1,0.000690,0.23,690.13
33,ATC,96,98,1,0.000690,0.23,690.13
34,AAT,99,101,7,0.004831,1.62,4830.92
35,GAC,102,104,3,0.002070,0.69,2070.39
36,CCC,105,107,15,0.010352,3.47,10351.97
37,TTC,108,110,1,0.000690,0.23,690.13
38,ATT,111,113,14,0.009662,3.24,9661.84
39,GAC,114,116,2,0.001380,0.46,1380.26
40,CTC,117,119,5,0.003451,1.16,3450.66
41,AAC,120,122,8,0.005521,1.85,5521.05
42,TAC,123,125,1,0.000690,0.23,690.13
43,ATG,126,128,1,0.000690,0.23,690.13
44,GTT,129,131,2,0.001380,0.46,1380.26
45,TAC,132,134,0,0.000000,0.00,0.00
46,ATG,135,137,1,0.000690,0.23,690.13
47,TTC,138,140,0,0.000000,0.00,0.00
48,CAA,141,143,0,0.000000,0.00,0.00
49,TAT,144,146,6,0.004141,1.39,4140.79
50,GAT,147,149,5,0.003451,1.16,3450.66
51,TCC,150,152,15,0.010352,3.47,10351.97
52,ACC,153,155,6,0.004141,1.39,4140.79
53,CAT,156,158,4,0.002761,0.92,2760.52
54,GGC,159,161,4,0.002761,0.92,2760.52
55,AAA,162,164,1,0.000690,0.23,690.13
56,TTC,165,167,0,0.000000,0.00,0.00
57,CAT,168,170,7,0.004831,1.62,4830.92
58,GGC,171,173,4,0.002761,0.92,2760.52
59,ACC,174,176,5,0.003451,1.16,3450.66
60,GTC,177,179,44,0.030366,10.17,30365.77
61,AAG,180,182,13,0.008972,3.01,8971.70
62,GCT,183,185,24,0.016563,5.55,16563.15
63,GAG,186,188,15,0.010352,3.47,10351.97
64,AAC,189,191,1,0.000690,0.23,690.13
65,GGG,192,194,0,0.000000,0.00,0.00
66,AAG,195,197,0,0.000000,0.00,0.00
67,CTT,198,200,3,0.002070,0.69,2070.39
68,GTC,201,203,1,0.000690,0.23,690.13
69,ATC,204,206,2,0.001380,0.46,1380.26
70,AAT,207,209,0,0.000000,0.00,0.00
71,GGA,210,212,7,0.004831,1.62,4830.92
72,AAT,213,215,1,0.000690,0.23,690.13
73,CCC,216,218,4,0.002761,0.92,2760.52
74,ATC,219,221,2,0.001380,0.46,1380.26
75,ACC,222,224,6,0.004141,1.39,4140.79
76,ATC,225,227,5,0.003451,1.16,3450.66
77,TTC,228,230,2,0.001380,0.46,1380.26
78,CAG,231,233,18,0.012422,4.16,12422.36
79,GAG,234,236,7,0.004831,1.62,4830.92
80,CGA,237,239,38,0.026225,8.79,26224.98
81,GAT,240,242,8,0.005521,1.85,5521.05
82,CCC,243,245,25,0.017253,5.78,17253.28
83,TCC,246,248,14,0.009662,3.24,9661.84
84,AAA,249,251,5,0.003451,1.16,3450.66
85,ATC,252,254,5,0.003451,1.16,3450.66
86,AAG,255,257,13,0.008972,3.01,8971.70
87,TGG,258,260,4,0.002761,0.92,2760.52
88,GGC,261,263,2,0.001380,0.46,1380.26
89,GAT,264,266,0,0.000000,0.00,0.00
90,GCT,267,269,1,0.000690,0.23,690.13
91,GGC,270,272,0,0.000000,0.00,0.00
92,GCT,273,275,13,0.008972,3.01,8971.70
93,GAG,276,278,10,0.006901,2.31,6901.31
94,TAC,279,281,2,0.001380,0.46,1380.26
95,GTC,282,284,1,0.000690,0.23,690.13
96,GTG,285,287,9,0.006211,2.08,6211.18
97,GAG,288,290,8,0.005521,1.85,5521.05
98,TCC,291,293,0,0.000000,0.00,0.00
99,ACT,294,296,1,0.000690,0.23,690.13
100,GGC,297,299,6,0.004141,1.39,4140.79
101,GTC,300,302,11,0.007591,2.54,7591.44
102,TTC,303,305,4,0.002761,0.92,2760.52
103,ACC,306,308,2,0.001380,0.46,1380.26
104,ACC,309,311,2,0.001380,0.46,1380.26
105,ATG,312,314,12,0.008282,2.77,8281.57
106,GAG,315,317,4,0.002761,0.92,2760.52
107,AAG,318,320,1,0.000690,0.23,690.13
108,GCT,321,323,0,0.000000,0.00,0.00
109,GGG,324,326,0,0.000000,0.00,0.00
110,GCT,327,329,0,0.000000,0.00,0.00
111,CAT,330,332,1,0.000690,0.23,690.13
112,TTG,333,335,0,0.000000,0.00,0.00
113,CAG,336,338,0,0.000000,0.00,0.00
114,GGG,339,341,1,0.000690,0.23,690.13
115,GGA,342,344,0,0.000000,0.00,0.00
116,GCC,345,347,0,0.000000,0.00,0.00
117,AAA,348,350,0,0.000000,0.00,0.00
118,AGG,351,353,0,0.000000,0.00,0.00
119,GTC,354,356,0,0.000000,0.00,0.00
120,ATC,357,359,1,0.000690,0.23,690.13
121,ATC,360,362,2,0.001380,0.46,1380.26
122,TCT,363,365,1,0.000690,0.23,690.13
123,GCC,366,368,0,0.000000,0.00,0.00
124,CCC,369,371,3,0.002070,0.69,2070.39
125,TCT,372,374,0,0.000000,0.00,0.00
126,GCT,375,377,0,0.000000,0.00,0.00
127,GAT,378,380,0,0.000000,0.00,0.00
128,GCC,381,383,0,0.000000,0.00,0.00
129,CCC,384,386,1,0.000690,0.23,690.13
130,ATG,387,389,1,0.000690,0.23,690.13
131,TTC,390,392,0,0.000000,0.00,0.00
132,GTC,393,395,0,0.000000,0.00,0.00
133,ATG,396,398,1,0.000690,0.23,690.13
134,GGT,399,401,10,0.006901,2.31,6901.31
135,GTG,402,404,1,0.000690,0.23,690.13
136,AAC,405,407,3,0.002070,0.69,2070.39
137,CAT,408,410,27,0.018634,6.24,18633.54
138,GAG,411,413,17,0.011732,3.93,11732.23
139,AAG,414,416,8,0.005521,1.85,5521.05
140,TAT,417,419,4,0.002761,0.92,2760.52
141,GAC,420,422,1,0.000690,0.23,690.13
142,AAC,423,425,9,0.006211,2.08,6211.18
143,AGC,426,428,4,0.002761,0.92,2760.52
144,CTC,429,431,20,0.013803,4.62,13802.62
145,AAG,432,434,13,0.008972,3.01,8971.70
146,ATC,435,437,0,0.000000,0.00,0.00
147,ATC,438,440,2,0.001380,0.46,1380.26
148,AGC,441,443,6,0.004141,1.39,4140.79
149,AAT,444,446,7,0.004831,1.62,4830.92
150,GCC,447,449,3,0.002070,0.69,2070.39
151,TCC,450,452,1,0.000690,0.23,690.13
152,TGC,453,455,1,0.000690,0.23,690.13
153,ACC,456,458,0,0.000000,0.00,0.00
154,ACC,459,461,1,0.000690,0.23,690.13
155,AAC,462,464,0,0.000000,0.00,0.00
156,TGC,465,467,4,0.002761,0.92,2760.52
157,TTA,468,470,0,0.000000,0.00,0.00
158,GCA,471,473,3,0.002070,0.69,2070.39
159,CCC,474,476,5,0.003451,1.16,3450.66
160,CTG,477,479,0,0.000000,0.00,0.00
161,GCC,480,482,0,0.000000,0.00,0.00
162,AAG,483,485,0,0.000000,0.00,0.00
163,GTC,486,488,0,0.000000,0.00,0.00
164,ATC,489,491,0,0.000000,0.00,0.00
165,CAT,492,494,0,0.000000,0.00,0.00
166,GAC,495,497,0,0.000000,0.00,0.00
167,AAC,498,500,8,0.005521,1.85,5521.05
168,TTT,501,503,1,0.000690,0.23,690.13
169,GGT,504,506,28,0.019324,6.47,19323.67
170,ATC,507,509,2,0.001380,0.46,1380.26
171,GTG,510,512,8,0.005521,1.85,5521.05
172,GAA,513,515,3,0.002070,0.69,2070.39
173,GGA,516,518,5,0.003451,1.16,3450.66
174,CTC,519,521,13,0.008972,3.01,8971.70
175,ATG,522,524,17,0.011732,3.93,11732.23
176,ACC,525,527,10,0.006901,2.31,6901.31
177,ACA,528,530,3,0.002070,0.69,2070.39
178,GTC,531,533,4,0.002761,0.92,2760.52
179,CAT,534,536,0,0.000000,0.00,0.00
180,GCC,537,539,5,0.003451,1.16,3450.66
181,ATC,540,542,0,0.000000,0.00,0.00
182,ACT,543,545,0,0.000000,0.00,0.00
183,GCC,546,548,8,0.005521,1.85,5521.05
184,ACC,549,551,2,0.001380,0.46,1380.26
185,CAG,552,554,4,0.002761,0.92,2760.52
186,AAG,555,557,8,0.005521,1.85,5521.05
187,ACT,558,560,0,0.000000,0.00,0.00
188,GTG,561,563,4,0.002761,0.92,2760.52
189,GAT,564,566,2,0.001380,0.46,1380.26
190,GGC,567,569,3,0.002070,0.69,2070.39
191,CCC,570,572,2,0.001380,0.46,1380.26
192,TCC,573,575,1,0.000690,0.23,690.13
193,GGG,576,578,3,0.002070,0.69,2070.39
194,AAA,579,581,2,0.001380,0.46,1380.26
195,CTG,582,584,4,0.002761,0.92,2760.52
196,TGG,585,587,1,0.000690,0.23,690.13
197,CGT,588,590,1,0.000690,0.23,690.13
198,GAT,591,593,1,0.000690,0.23,690.13
199,GGC,594,596,5,0.003451,1.16,3450.66
200,CGC,597,599,4,0.002761,0.92,2760.52
201,GGG,600,602,5,0.003451,1.16,3450.66
202,GCT,603,605,3,0.002070,0.69,2070.39
203,CTC,606,608,0,0.000000,0.00,0.00
204,CAG,609,611,21,0.014493,4.86,14492.75
205,AAC,612,614,3,0.002070,0.69,2070.39
206,ATC,615,617,10,0.006901,2.31,6901.31
207,ATC,618,620,0,0.000000,0.00,0.00
208,CCT,621,623,4,0.002761,0.92,2760.52
209,GCC,624,626,4,0.002761,0.92,2760.52
210,TCT,627,629,4,0.002761,0.92,2760.52
211,ACT,630,632,1,0.000690,0.23,690.13
212,GGC,633,635,4,0.002761,0.92,2760.52
213,GCT,636,638,15,0.010352,3.47,10351.97
214,GCC,639,641,11,0.007591,2.54,7591.44
215,AAG,642,644,6,0.004141,1.39,4140.79
216,GCT,645,647,4,0.002761,0.92,2760.52
217,GTG,648,650,8,0.005521,1.85,5521.05
218,GGC,651,653,1,0.000690,0.23,690.13
219,AAG,654,656,3,0.002070,0.69,2070.39
220,GTC,657,659,0,0.000000,0.00,0.00
221,ATC,660,662,11,0.007591,2.54,7591.44
222,CCT,663,665,16,0.011042,3.70,11042.10
223,GAG,666,668,36,0.024845,8.32,24844.72
224,CTG,669,671,27,0.018634,6.24,18633.54
225,AAC,672,674,2,0.001380,0.46,1380.26
226,GGG,675,677,2,0.001380,0.46,1380.26
227,AAG,678,680,1,0.000690,0.23,690.13
228,CTC,681,683,5,0.003451,1.16,3450.66
229,ACT,684,686,0,0.000000,0.00,0.00
230,GCA,687,689,0,0.000000,0.00,0.00
231,TGG,690,692,0,0.000000,0.00,0.00
232,CCT,693,695,0,0.000000,0.00,0.00
233,TCC,696,698,0,0.000000,0.00,0.00
234,GTG,699,701,6,0.004141,1.39,4140.79
235,TCC,702,704,8,0.005521,1.85,5521.05
236,CCA,705,707,14,0.009662,3.24,9661.84
237,CTG,708,710,20,0.013803,4.62,13802.62
238,CCA,711,713,4,0.002761,0.92,2760.52
239,ACG,714,716,5,0.003451,1.16,3450.66
240,TGT,717,719,5,0.003451,1.16,3450.66
241,CAG,720,722,25,0.017253,5.78,17253.28
242,TGG,723,725,4,0.002761,0.92,2760.52
243,TGG,726,728,6,0.004141,1.39,4140.79
244,ACC,729,731,3,0.002070,0.69,2070.39
245,TGA,732,734,7,0.004831,1.62,4830.92
246,CCT,735,737,3,0.002070,0.69,2070.39
247,GCC,738,740,3,0.002070,0.69,2070.39
248,GTC,741,743,6,0.004141,1.39,4140.79
249,TAG,744,746,3,0.002070,0.69,2070.39
250,AAA,747,749,2,0.001380,0.46,1380.26
251,AAC,750,752,0,0.000000,0.00,0.00
252,CTG,753,755,2,0.001380,0.46,1380.26
253,CCA,756,758,1,0.000690,0.23,690.13
254,AAT,759,761,2,0.001380,0.46,1380.26
255,ATG,762,764,6,0.004141,1.39,4140.79
256,ATG,765,767,8,0.005521,1.85,5521.05
257,ACA,768,770,3,0.002070,0.69,2070.39
258,TCA,771,773,7,0.004831,1.62,4830.92
259,AGA,774,776,9,0.006211,2.08,6211.18
260,AGG,777,779,4,0.002761,0.92,2760.52
261,TGG,780,782,0,0.000000,0.00,0.00
262,TGA,783,785,1,0.000690,0.23,690.13
263,AGC,786,788,0,0.000000,0.00,0.00
264,AGG,789,791,0,0.000000,0.00,0.00
265,CGT,792,794,0,0.000000,0.00,0.00
266,CGG,795,797,1,0.000690,0.23,690.13
267,AGG,798,800,1,0.000690,0.23,690.13
268,GCC,801,803,0,0.000000,0.00,0.00
269,CCC,804,806,2,0.001380,0.46,1380.26
270,TCA,807,809,3,0.002070,0.69,2070.39
271,AGG,810,812,1,0.000690,0.23,690.13
272,GCA,813,815,0,0.000000,0.00,0.00
273,TCC,816,818,8,0.005521,1.85,5521.05
274,TGG,819,821,4,0.002761,0.92,2760.52
275,GCT,822,824,1,0.000690,0.23,690.13
276,ACA,825,827,2,0.001380,0.46,1380.26
277,CTG,828,830,2,0.001380,0.46,1380.26
278,AGC,831,833,1,0.000690,0.23,690.13
279,ACC,834,836,7,0.004831,1.62,4830.92
280,AGG,837,839,2,0.001380,0.46,1380.26
281,TGG,840,842,3,0.002070,0.69,2070.39
282,TCT,843,845,0,0.000000,0.00,0.00
283,CCT,846,848,5,0.003451,1.16,3450.66
284,CTG,849,851,4,0.002761,0.92,2760.52
285,ACT,852,854,4,0.002761,0.92,2760.52
286,TCA,855,857,1,0.000690,0.23,690.13
287,ACA,858,860,2,0.001380,0.46,1380.26
288,GCG,861,863,6,0.004141,1.39,4140.79
289,ACA,864,866,4,0.002761,0.92,2760.52
290,CCC,867,869,0,0.000000,0.00,0.00
291,ACT,870,872,1,0.000690,0.23,690.13
292,CCT,873,875,0,0.000000,0.00,0.00
293,CCA,876,878,0,0.000000,0.00,0.00
294,CCT,879,881,2,0.001380,0.46,1380.26
295,TTG,882,884,1,0.000690,0.23,690.13
296,ACG,885,887,0,0.000000,0.00,0.00
297,CTG,888,890,1,0.000690,0.23,690.13
298,GGG,891,893,2,0.001380,0.46,1380.26
299,CTG,894,896,8,0.005521,1.85,5521.05
300,GCA,897,899,3,0.002070,0.69,2070.39
301,TTG,900,902,15,0.010352,3.47,10351.97
302,CCC,903,905,4,0.002761,0.92,2760.52
303,TCA,906,908,9,0.006211,2.08,6211.18
304,ACG,909,911,3,0.002070,0.69,2070.39
305,ACC,912,914,3,0.002070,0.69,2070.39
306,ACT,915,917,24,0.016563,5.55,16563.15
307,TTG,918,920,2,0.001380,0.46,1380.26
308,TCA,921,923,1,0.000690,0.23,690.13
309,AGC,924,926,2,0.001380,0.46,1380.26
310,TCA,927,929,7,0.004831,1.62,4830.92
311,TTT,930,932,11,0.007591,2.54,7591.44
312,CCT,933,935,5,0.003451,1.16,3450.66
313,GGT,936,938,19,0.013112,4.39,13112.49
314,ATG,939,941,5,0.003451,1.16,3450.66
315,ACA,942,944,5,0.003451,1.16,3450.66
316,ACG,945,947,3,0.002070,0.69,2070.39
317,AAT,948,950,1,0.000690,0.23,690.13
318,TTG,951,953,5,0.003451,1.16,3450.66
319,GCT,954,956,7,0.004831,1.62,4830.92
320,ACA,957,959,1,0.000690,0.23,690.13
321,GCA,960,962,2,0.001380,0.46,1380.26
322,ACA,963,965,1,0.000690,0.23,690.13
323,GGG,966,968,0,0.000000,0.00,0.00
324,TGG,969,971,1,0.000690,0.23,690.13
325,TGG,972,974,1,0.000690,0.23,690.13
326,ACC,975,977,0,0.000000,0.00,0.00
327,TCA,978,980,4,0.002761,0.92,2760.52
328,TGG,981,983,1,0.000690,0.23,690.13
329,CCC,984,986,2,0.001380,0.46,1380.26
330,ACA,987,989,4,0.002761,0.92,2760.52
331,TGG,990,992,0,0.000000,0.00,0.00
332,CCT,993,995,0,0.000000,0.00,0.00
333,CCA,996,998,1,0.000690,0.23,690.13
334,AGG,999,1001,0,0.000000,0.00,0.00
335,AGT,1002,1004,0,0.000000,0.00,0.00
